Type,Link/Username/ID
Subreddit,https://www.reddit.com/r/CryptoCurrencies/
Subreddit,https://www.reddit.com/r/Ripple/
Subreddit,https://www.reddit.com/r/Monero/
Subreddit,https://www.reddit.com/r/crypto/
Subreddit,https://www.reddit.com/r/BitcoinMarkets/
Subreddit,https://www.reddit.com/r/RocketLeagueExchange/
Subreddit,https://www.reddit.com/r/NiceHash/
Subreddit,https://www.reddit.com/r/RealDayTrading/
Subreddit,https://www.reddit.com/r/cosmosnetwork/
Subreddit,https://www.reddit.com/r/gpumining/
Subreddit,https://www.reddit.com/r/GoldandBlack/
Subreddit,https://www.reddit.com/r/UniSwap/
Subreddit,https://www.reddit.com/r/decentraland/
Subreddit,https://www.reddit.com/r/LitecoinMarkets/
Subreddit,https://www.reddit.com/r/ethstaker/
Subreddit,https://www.reddit.com/r/cryptomining/
Subreddit,https://www.reddit.com/r/crypto_currency/
Subreddit,https://www.reddit.com/r/EnoughLibertarianSpam/
Subreddit,https://www.reddit.com/r/dogelon/
Subreddit,https://www.reddit.com/r/CryptoGamersCommunity/
Subreddit,https://www.reddit.com/r/AMPToken/
Subreddit,https://www.reddit.com/r/TsumTsum/
Subreddit,https://www.reddit.com/r/coingecko/
Subreddit,https://www.reddit.com/r/CryptoScamReport/
Subreddit,https://www.reddit.com/r/CoinWithUs/
Subreddit,https://www.reddit.com/r/OfficialTrumpCoin/
Subreddit,https://www.reddit.com/r/defisignals/
Subreddit,https://www.reddit.com/r/Sologenic/
Subreddit,https://www.reddit.com/r/XBlockChain/
Subreddit,https://www.reddit.com/r/Defiance/
Subreddit,https://www.reddit.com/r/CryptoHorde/
Subreddit,https://www.reddit.com/r/CryptoUnicornFinders/
Subreddit,https://www.reddit.com/r/BitcoinFrance/
Subreddit,https://www.reddit.com/r/BitcoinABC/
Subreddit,https://www.reddit.com/r/EthereumGang/
Subreddit,https://www.reddit.com/r/Malaysia_Crypto/
Subreddit,https://www.reddit.com/r/ethmemecoins/
Subreddit,https://www.reddit.com/r/NFT/
Subreddit,https://www.reddit.com/r/BitcoinBeginners/
Subreddit,https://www.reddit.com/r/NFTsMarketplace/
Subreddit,https://www.reddit.com/r/Stellar/
Subreddit,https://www.reddit.com/r/EtherMining/
Subreddit,https://www.reddit.com/r/BitcoinMining/
Subreddit,https://www.reddit.com/r/nanocurrency/
Subreddit,https://www.reddit.com/r/Metamask/
Subreddit,https://www.reddit.com/r/0xPolygon/
Subreddit,https://www.reddit.com/r/Avax/
Subreddit,https://www.reddit.com/r/thewallstreet/
Subreddit,https://www.reddit.com/r/ExodusWallet/
Subreddit,https://www.reddit.com/r/CardanoTrading/
Subreddit,https://www.reddit.com/r/CryptoAnarchy/
Subreddit,https://www.reddit.com/r/CryptoMexico/
Subreddit,https://www.reddit.com/r/ethereum/
Subreddit,https://www.reddit.com/r/XRP/
Subreddit,https://www.reddit.com/r/SHIBArmy/
Subreddit,https://www.reddit.com/r/litecoin/
Subreddit,https://www.reddit.com/r/FuturesTrading/
Subreddit,https://www.reddit.com/r/ASX_Bets/
Subreddit,https://www.reddit.com/r/Bitcoincash/
Subreddit,https://www.reddit.com/r/Crypto_General/
Subreddit,https://www.reddit.com/r/NFTExchange/
Subreddit,https://www.reddit.com/r/algorand/
Subreddit,https://www.reddit.com/r/AltStreetBets/
Subreddit,https://www.reddit.com/r/CoinMarketCap/
Subreddit,https://www.reddit.com/r/cro/
Subreddit,https://www.reddit.com/r/lastofuspart2/
Subreddit,https://www.reddit.com/r/jupiterexchange/
Subreddit,https://www.reddit.com/r/BitcoinBrasil/
Subreddit,https://www.reddit.com/r/MedievalCoin/
Subreddit,https://www.reddit.com/r/AirdropCryptoAlpha/
Subreddit,https://www.reddit.com/r/algotrading/
Subreddit,https://www.reddit.com/r/cryptocurrencymemes/
Subreddit,https://www.reddit.com/r/Cryptozoology/
Subreddit,https://www.reddit.com/r/Crypto_com/
Subreddit,https://www.reddit.com/r/CryptoCurrencyTrading/
Subreddit,https://www.reddit.com/r/Chainlink/
Subreddit,https://www.reddit.com/r/cryptography/
Subreddit,https://www.reddit.com/r/MarioKartTour/
Subreddit,https://www.reddit.com/r/mindcrack/
Subreddit,https://www.reddit.com/r/daytrade/
Subreddit,https://www.reddit.com/r/CryptoGrab/
Subreddit,https://www.reddit.com/r/Rblxcross_trading_/
Subreddit,https://www.reddit.com/r/CryptoTechnology/
Subreddit,https://www.reddit.com/r/PiNetwork/
Subreddit,https://www.reddit.com/r/CryptoMoon/
Subreddit,https://www.reddit.com/r/rocket_league_trading/
Subreddit,https://www.reddit.com/r/binance/
Subreddit,https://www.reddit.com/r/cardano/
Subreddit,https://www.reddit.com/r/CryptoIndia/
Subreddit,https://www.reddit.com/r/StocksAndTrading/
Subreddit,https://www.reddit.com/r/ledgerwallet/
Subreddit,https://www.reddit.com/r/CryptoMars/
Subreddit,https://www.reddit.com/r/CryptoMarsShots/
Subreddit,https://www.reddit.com/r/AlgorandOfficial/
Subreddit,https://www.reddit.com/r/RatchetAndClank/
Subreddit,https://www.reddit.com/r/CryptoNewsandTalk/
Subreddit,https://www.reddit.com/r/MemeCoinJunkies/
Subreddit,https://www.reddit.com/r/ethtrader/
Subreddit,https://www.reddit.com/r/altcoin/
Subreddit,https://www.reddit.com/r/swingtrading/
Subreddit,https://www.reddit.com/r/Slothana/
Subreddit,https://www.reddit.com/r/CryptoInvesting/
Subreddit,https://www.reddit.com/r/CryptoMoonShots/
Subreddit,https://www.reddit.com/r/Crypto_Currency_News/
Subreddit,https://www.reddit.com/r/dogecoin/
Subreddit,https://www.reddit.com/r/Anarcho_Capitalism/
Subreddit,https://www.reddit.com/r/defi/
Subreddit,https://www.reddit.com/r/kucoin/
Subreddit,https://www.reddit.com/r/MaddenUltimateTeam/
Subreddit,https://www.reddit.com/r/ethdev/
Subreddit,https://www.reddit.com/r/Polkadot/
Subreddit,https://www.reddit.com/r/CryptoScams/
Subreddit,https://www.reddit.com/r/BlockchainStartups/
Subreddit,https://www.reddit.com/r/RoyaleHigh_Trading/
Subreddit,https://www.reddit.com/r/Jobs4Bitcoins/
Subreddit,https://www.reddit.com/r/northcounty/
Subreddit,https://www.reddit.com/r/CrossTrading_inRoblox/
Subreddit,https://www.reddit.com/r/ARK_Trading/
Subreddit,https://www.reddit.com/r/options/
Subreddit,https://www.reddit.com/r/AllCryptoBets/
Subreddit,https://www.reddit.com/r/toshicoin/
Subreddit,https://www.reddit.com/r/Forex/
Subreddit,https://www.reddit.com/r/AvakinOfficial/
Subreddit,https://www.reddit.com/r/CoinMasterGame/
Subreddit,https://www.reddit.com/r/BinanceCrypto/
Subreddit,https://www.reddit.com/r/coinerrors/
Subreddit,https://www.reddit.com/r/GlobalOffensiveTrade/
Subreddit,https://www.reddit.com/r/Buttcoin/
Subreddit,https://www.reddit.com/r/Memecoinhub/
Subreddit,https://www.reddit.com/r/CryptoExchange/
Subreddit,https://www.reddit.com/r/phinvest/
Subreddit,https://www.reddit.com/r/Hedera/
Subreddit,https://www.reddit.com/r/RoyaleHigh_Roblox/
Subreddit,https://www.reddit.com/r/memecoins/
Subreddit,https://www.reddit.com/r/RobloxGAGTrading/
Subreddit,https://www.reddit.com/r/CryptoMarkets/
Subreddit,https://www.reddit.com/r/TradingView/
Subreddit,https://www.reddit.com/r/investing/
Subreddit,https://www.reddit.com/r/AnimalCrossingTrading/
Subreddit,https://www.reddit.com/r/CoinBase/
Subreddit,https://www.reddit.com/r/trading212/
Subreddit,https://www.reddit.com/r/pennystocks/
Subreddit,https://www.reddit.com/r/RoyaleHighTrading/
Subreddit,https://www.reddit.com/r/pokemontrades/
Subreddit,https://www.reddit.com/r/solana/
Subreddit,https://www.reddit.com/r/SolanaMemeCoins/
Subreddit,https://www.reddit.com/r/ReferralCodesCrypto/
Subreddit,https://www.reddit.com/r/IndianStreetBets/
Subreddit,https://www.reddit.com/r/Trading/
Subreddit,https://www.reddit.com/r/AncientCoins/
Subreddit,https://www.reddit.com/r/btc/
Subreddit,https://www.reddit.com/r/BloxFruitsTradingHub/
Subreddit,https://www.reddit.com/r/CryptoCurrency/
Subreddit,https://www.reddit.com/r/giftcardexchange/
Subreddit,https://www.reddit.com/r/MaddenMobileForums/
Subreddit,https://www.reddit.com/r/Bitcoin/
Subreddit,https://www.reddit.com/r/coins/
Subreddit,https://www.reddit.com/r/Daytrading/
Subreddit,https://www.reddit.com/r/TheTowerGame/
Subreddit,https://www.reddit.com/r/coincollecting/
Subreddit,https://www.reddit.com/r/conspiracy/
Subreddit,https://www.reddit.com/r/geometrydash/
Subreddit,https://www.reddit.com/r/hardwareswap/
Subreddit,https://www.reddit.com/r/CallOfDutyMobile/
Subreddit,https://www.reddit.com/r/FUTMobile/
Subreddit,https://www.reddit.com/r/Forexstrategy/
Subreddit,https://www.reddit.com/r/Pmsforsale/
Subreddit,https://www.reddit.com/r/PokemonGoTrade/
Subreddit,https://www.reddit.com/r/AdoptMeTrading/
Subreddit,https://www.reddit.com/r/AdoptMeRBX/
Subreddit,https://www.reddit.com/r/PubeFinance/
Subreddit,https://www.reddit.com/r/PublishProtocol/
Subreddit,https://www.reddit.com/r/PulseBitcoin/
Subreddit,https://www.reddit.com/r/Pulsechain/
Subreddit,https://www.reddit.com/r/PumpCrypto/
Subreddit,https://www.reddit.com/r/PURPEcryptocurrency/
Subreddit,https://www.reddit.com/r/QuantumBlockchain/
Subreddit,https://www.reddit.com/r/QuarkCoin/
Subreddit,https://www.reddit.com/r/QuiddTrading/
Subreddit,https://www.reddit.com/r/R6Marketplace_Trading/
Subreddit,https://www.reddit.com/r/RadiantBlockchain/
Subreddit,https://www.reddit.com/r/RadioCacaNFT/
Subreddit,https://www.reddit.com/r/RaiBlocks/
Subreddit,https://www.reddit.com/r/RandomActsOfBTC/
Subreddit,https://www.reddit.com/r/RariCapital/
Subreddit,https://www.reddit.com/r/RavenX/
Subreddit,https://www.reddit.com/r/Raydium/
Subreddit,https://www.reddit.com/r/rBitcoin/
Subreddit,https://www.reddit.com/r/rblxcross_trading/
Subreddit,https://www.reddit.com/r/RDAT/
Subreddit,https://www.reddit.com/r/reddCoin/
Subreddit,https://www.reddit.com/r/RedditavatarsNFT/
Subreddit,https://www.reddit.com/r/RedditBlockchain/
Subreddit,https://www.reddit.com/r/ReferenceCodeBinance/
Subreddit,https://www.reddit.com/r/RevalCoin/
Subreddit,https://www.reddit.com/r/ReviewTrading/
Subreddit,https://www.reddit.com/r/RevivalDefi/
Subreddit,https://www.reddit.com/r/Ride_Defi/
Subreddit,https://www.reddit.com/r/rigelprotocol/
Subreddit,https://www.reddit.com/r/RiotBlockchain/
Subreddit,https://www.reddit.com/r/RiperDefi/
Subreddit,https://www.reddit.com/r/Rise_Coin/
Subreddit,https://www.reddit.com/r/RoastmyNFT/
Subreddit,https://www.reddit.com/r/RobloxTrading/
Subreddit,https://www.reddit.com/r/rocketpool/
Subreddit,https://www.reddit.com/r/RopeSolana/
Subreddit,https://www.reddit.com/r/Rotl_Nft/
Subreddit,https://www.reddit.com/r/RoyalHighTrading/
Subreddit,https://www.reddit.com/r/RoyalProtocol/
Subreddit,https://www.reddit.com/r/RsrCoin/
Subreddit,https://www.reddit.com/r/RugEthereum/
Subreddit,https://www.reddit.com/r/RupeeBlockchain/
Subreddit,https://www.reddit.com/r/saadboi/
Subreddit,https://www.reddit.com/r/SaitamaInu_Official/
Subreddit,https://www.reddit.com/r/SaitoCrypto/
Subreddit,https://www.reddit.com/r/SaltBlockchain/
Subreddit,https://www.reddit.com/r/SaltCoin/
Subreddit,https://www.reddit.com/r/SanctumSolana/
Subreddit,https://www.reddit.com/r/SandboxNFT/
Subreddit,https://www.reddit.com/r/SantaCoin/
Subreddit,https://www.reddit.com/r/SargeCoin/
Subreddit,https://www.reddit.com/r/SatoshiStreetBets/
Subreddit,https://www.reddit.com/r/scam_coin/
Subreddit,https://www.reddit.com/r/ScientificCoin/
Subreddit,https://www.reddit.com/r/SeatlabNFT/
Subreddit,https://www.reddit.com/r/Securypto/
Subreddit,https://www.reddit.com/r/ShadowSolana/
Subreddit,https://www.reddit.com/r/ShakaiNFT/
Subreddit,https://www.reddit.com/r/ShibaDino/
Subreddit,https://www.reddit.com/r/Shibainucoin/
Subreddit,https://www.reddit.com/r/ShibaInuCrypto/
Subreddit,https://www.reddit.com/r/SHIBArmyNFT/
Subreddit,https://www.reddit.com/r/ShibaSikkaToken/
Subreddit,https://www.reddit.com/r/Shieldtoken_official/
Subreddit,https://www.reddit.com/r/ShinyTrading/
Subreddit,https://www.reddit.com/r/shitcoin_memecoin/
Subreddit,https://www.reddit.com/r/shouldaethereum/
Subreddit,https://www.reddit.com/r/ShpingCoin/
Subreddit,https://www.reddit.com/r/ShrimpSwap/
Subreddit,https://www.reddit.com/r/SigloCoin/
Subreddit,https://www.reddit.com/r/SimpleDefi/
Subreddit,https://www.reddit.com/r/SkyNetBinance/
Subreddit,https://www.reddit.com/r/SmileCoin/
Subreddit,https://www.reddit.com/r/smTrading/
Subreddit,https://www.reddit.com/r/snoofi/
Subreddit,https://www.reddit.com/r/SnowgeCoin/
Subreddit,https://www.reddit.com/r/solanabeach/
Subreddit,https://www.reddit.com/r/solanabitcoin/
Subreddit,https://www.reddit.com/r/SolanaBitcone/
Subreddit,https://www.reddit.com/r/solanaboobs/
Subreddit,https://www.reddit.com/r/SolanaCanada/
Subreddit,https://www.reddit.com/r/solanacasinos/
Subreddit,https://www.reddit.com/r/SolanaCBDC/
Subreddit,https://www.reddit.com/r/SolanaCryptoMemeCoin/
Subreddit,https://www.reddit.com/r/solanadev/
Subreddit,https://www.reddit.com/r/solanadoge/
Subreddit,https://www.reddit.com/r/solanaeas/
Subreddit,https://www.reddit.com/r/SolanaIndia/
Subreddit,https://www.reddit.com/r/SolanaInsights/
Subreddit,https://www.reddit.com/r/solanamemecoincalls/
Subreddit,https://www.reddit.com/r/SolanaMemeMoonshots/
Subreddit,https://www.reddit.com/r/Solana_Memes/
Subreddit,https://www.reddit.com/r/SolanaMonkeyApes/
Subreddit,https://www.reddit.com/r/SolanaNFT/
Subreddit,https://www.reddit.com/r/solanapepe/
Subreddit,https://www.reddit.com/r/SolanaPresale/
Subreddit,https://www.reddit.com/r/SolanaSniper/
Subreddit,https://www.reddit.com/r/SolanaSniperBots/
Subreddit,https://www.reddit.com/r/solanatools/
Subreddit,https://www.reddit.com/r/SolanaUK/
Subreddit,https://www.reddit.com/r/SolanaWalletTracker/
Subreddit,https://www.reddit.com/r/solanium/
Subreddit,https://www.reddit.com/r/SolarCoin/
Subreddit,https://www.reddit.com/r/SolCoins/
Subreddit,https://www.reddit.com/r/SoldierOfSolana/
Subreddit,https://www.reddit.com/r/Solible/
Subreddit,https://www.reddit.com/r/SolSeaNFT/
Subreddit,https://www.reddit.com/r/solwork/
Subreddit,https://www.reddit.com/r/sombraNFT/
Subreddit,https://www.reddit.com/r/SorareTrading/
Subreddit,https://www.reddit.com/r/SourceLessBlockchain/
Subreddit,https://www.reddit.com/r/Spacefy_NFT/
Subreddit,https://www.reddit.com/r/SpacePortCoin/
Subreddit,https://www.reddit.com/r/SpadesCoin/
Subreddit,https://www.reddit.com/r/SpearMoon/
Subreddit,https://www.reddit.com/r/spot_trading/
Subreddit,https://www.reddit.com/r/StakingAlertBinance/
Subreddit,https://www.reddit.com/r/StarverseNFT/
Subreddit,https://www.reddit.com/r/SteamTradingCards/
Subreddit,https://www.reddit.com/r/StellarCannaCoin/
Subreddit,https://www.reddit.com/r/StellarNFT/
Subreddit,https://www.reddit.com/r/StepFinance_/
Subreddit,https://www.reddit.com/r/StepN/
Subreddit,https://www.reddit.com/r/sterwers_Solana/
Subreddit,https://www.reddit.com/r/STICKYtoken/
Subreddit,https://www.reddit.com/r/stockTrading/
Subreddit,https://www.reddit.com/r/StockTradingIdeas/
Subreddit,https://www.reddit.com/r/stock_trading_India/
Subreddit,https://www.reddit.com/r/StoneDefi/
Subreddit,https://www.reddit.com/r/StonksTrading/
Subreddit,https://www.reddit.com/r/STOX/
Subreddit,https://www.reddit.com/r/suBitcoin/
Subreddit,https://www.reddit.com/r/SuccessKidSolana/
Subreddit,https://www.reddit.com/r/SushiSwap/
Subreddit,https://www.reddit.com/r/SwftCoin/
Subreddit,https://www.reddit.com/r/SwitchBlockchain/
Subreddit,https://www.reddit.com/r/SwoleDogeSolana/
Subreddit,https://www.reddit.com/r/Swop_Defi/
Subreddit,https://www.reddit.com/r/SysCoin/
Subreddit,https://www.reddit.com/r/TacoEnergy/
Subreddit,https://www.reddit.com/r/Tau_coin/
Subreddit,https://www.reddit.com/r/TcgCoin/
Subreddit,https://www.reddit.com/r/Telefy_Defi/
Subreddit,https://www.reddit.com/r/TeraWulfMiningBTC/
Subreddit,https://www.reddit.com/r/ternio/
Subreddit,https://www.reddit.com/r/Terra_Luna_crypto/
Subreddit,https://www.reddit.com/r/tezos/
Subreddit,https://www.reddit.com/r/TF2_Trading/
Subreddit,https://www.reddit.com/r/TheBinanceNFT/
Subreddit,https://www.reddit.com/r/TheDao/
Subreddit,https://www.reddit.com/r/thefaircoin/
Subreddit,https://www.reddit.com/r/thegraph/
Subreddit,https://www.reddit.com/r/TheosNFT/
Subreddit,https://www.reddit.com/r/ThePepeFamilyASA/
Subreddit,https://www.reddit.com/r/tildethine/
Subreddit,https://www.reddit.com/r/TokenFinders/
Subreddit,https://www.reddit.com/r/TomketAirdropID/
Subreddit,https://www.reddit.com/r/TonicCrypto/
Subreddit,https://www.reddit.com/r/TonysolpranoSolana/
Subreddit,https://www.reddit.com/r/TopCryptoSites/
Subreddit,https://www.reddit.com/r/TopNFT/
Subreddit,https://www.reddit.com/r/TosaInuCoin/
Subreddit,https://www.reddit.com/r/ToyotaBlockchain/
Subreddit,https://www.reddit.com/r/ToyotaBlockchainLab/
Subreddit,https://www.reddit.com/r/TradingAdvice/
Subreddit,https://www.reddit.com/r/TradingAI/
Subreddit,https://www.reddit.com/r/TradingAlerts/
Subreddit,https://www.reddit.com/r/tradingcardcommunity/
Subreddit,https://www.reddit.com/r/Tradingcards/
Subreddit,https://www.reddit.com/r/Trading_Courses_/
Subreddit,https://www.reddit.com/r/TradingDesk/
Subreddit,https://www.reddit.com/r/TradingEdge/
Subreddit,https://www.reddit.com/r/Trading_es/
Subreddit,https://www.reddit.com/r/Trading_Futures/
Subreddit,https://www.reddit.com/r/TradingInterview/
Subreddit,https://www.reddit.com/r/TradingLegends/
Subreddit,https://www.reddit.com/r/TradingPi/
Subreddit,https://www.reddit.com/r/TradingPost76/
Subreddit,https://www.reddit.com/r/TradingPsychologie/
Subreddit,https://www.reddit.com/r/TradingSignals/
Subreddit,https://www.reddit.com/r/TradingSiteReviewsCom/
Subreddit,https://www.reddit.com/r/trading_strategy/
Subreddit,https://www.reddit.com/r/TradingTechniques/
Subreddit,https://www.reddit.com/r/TradingViewSignals/
Subreddit,https://www.reddit.com/r/TradingVolatility/
Subreddit,https://www.reddit.com/r/TransformersTrading/
Subreddit,https://www.reddit.com/r/TreeDefi/
Subreddit,https://www.reddit.com/r/trenchors/
Subreddit,https://www.reddit.com/r/TriangleBitcoin/
Subreddit,https://www.reddit.com/r/TriasBlockchain/
Subreddit,https://www.reddit.com/r/Tronix/
Subreddit,https://www.reddit.com/r/trustapp/
Subreddit,https://www.reddit.com/r/trustNFT/
Subreddit,https://www.reddit.com/r/TycoonTrading/
Subreddit,https://www.reddit.com/r/UKcoins/
Subreddit,https://www.reddit.com/r/ULEI_COIN/
Subreddit,https://www.reddit.com/r/ULIT_COIN_/
Subreddit,https://www.reddit.com/r/UltraBlockchain/
Subreddit,https://www.reddit.com/r/UltraNFT/
Subreddit,https://www.reddit.com/r/UnifiDeFi/
Subreddit,https://www.reddit.com/r/UnitedBTC/
Subreddit,https://www.reddit.com/r/UNIUM_NFT/
Subreddit,https://www.reddit.com/r/Universa_Blockchain/
Subreddit,https://www.reddit.com/r/unlimited_defi/
Subreddit,https://www.reddit.com/r/UnturnedTrading/
Subreddit,https://www.reddit.com/r/UpcomingNFT/
Subreddit,https://www.reddit.com/r/UselessCrypto/
Subreddit,https://www.reddit.com/r/ValereumBlockchain/
Subreddit,https://www.reddit.com/r/Valinity_defi/
Subreddit,https://www.reddit.com/r/velarBTC/
Subreddit,https://www.reddit.com/r/VerusCoin/
Subreddit,https://www.reddit.com/r/VoxiesNFT/
Subreddit,https://www.reddit.com/r/VoyagerCrypto/
Subreddit,https://www.reddit.com/r/VstTrading/
Subreddit,https://www.reddit.com/r/vyper/
Subreddit,https://www.reddit.com/r/WallStreetBetsCrypto/
Subreddit,https://www.reddit.com/r/Wavesplatform/
Subreddit,https://www.reddit.com/r/Web3DeBankDefi/
Subreddit,https://www.reddit.com/r/WenLamboDefi/
Subreddit,https://www.reddit.com/r/Whitelist_Airdrop/
Subreddit,https://www.reddit.com/r/Wizard_bsc/
Subreddit,https://www.reddit.com/r/WoofCoin/
Subreddit,https://www.reddit.com/r/WSB_defi/
Subreddit,https://www.reddit.com/r/XcelDefi/
Subreddit,https://www.reddit.com/r/XendFinance/
Subreddit,https://www.reddit.com/r/XMax_Blockchain/
Subreddit,https://www.reddit.com/r/X_Token/
Subreddit,https://www.reddit.com/r/YBAOfficial/
Subreddit,https://www.reddit.com/r/YearnNFT/
Subreddit,https://www.reddit.com/r/YetuSwap/
Subreddit,https://www.reddit.com/r/yGOAT/
Subreddit,https://www.reddit.com/r/Yield_Farming/
Subreddit,https://www.reddit.com/r/zebec/
Subreddit,https://www.reddit.com/r/ZunaCoin/
Twitter,https://twitter.com/VitalikButerin
Twitter,https://twitter.com/cz_binance
Twitter,https://twitter.com/brian_armstrong
Twitter,https://twitter.com/SBF_FTX
Twitter,https://twitter.com/CryptoCapo_
Twitter,https://twitter.com/DaanCrypto
Twitter,https://twitter.com/rovercrc
Twitter,https://twitter.com/IncomeSharks
Twitter,https://twitter.com/ali_charts
Twitter,https://twitter.com/crypto
Twitter,https://twitter.com/CoinDesk
Twitter,https://twitter.com/Cointelegraph
Twitter,https://twitter.com/TheBlock__
Twitter,https://twitter.com/decryptmedia
Twitter,https://twitter.com/MessariCrypto
Twitter,https://twitter.com/glassnode
Twitter,https://twitter.com/santimentfeed
Twitter,https://twitter.com/whale_alert
Twitter,https://twitter.com/a16zcrypto
Twitter,https://twitter.com/paradigm
Twitter,https://twitter.com/PanteraCapital
Twitter,https://twitter.com/aantonop
Twitter,https://twitter.com/100trillionUSD
Twitter,https://twitter.com/scottmelker
Twitter,https://twitter.com/TheMoonCarl
Twitter,https://twitter.com/MMCrypto
Twitter,https://twitter.com/bitboy_crypto
Twitter,https://twitter.com/AltcoinDailyio
Twitter,https://twitter.com/CryptoWendyO
Twitter,https://twitter.com/ToneVays
Twitter,https://twitter.com/IvanOnTech
Twitter,https://twitter.com/intocryptoverse
Twitter,https://twitter.com/CoinMarketCap
Twitter,https://twitter.com/BinanceResearch
Twitter,https://twitter.com/IOHK_Charles
Twitter,https://twitter.com/solana
Twitter,https://twitter.com/rajgokal
Twitter,https://twitter.com/aeyakovenko
Twitter,https://twitter.com/CryptoGodJohn
Twitter,https://twitter.com/CryptoKaleo
Twitter,https://twitter.com/Pentosh1
Twitter,https://twitter.com/Cobie
Twitter,https://twitter.com/Algorand
Twitter,https://twitter.com/0xPolygon
Twitter,https://twitter.com/i/user/1394397159273811971
Twitter,https://twitter.com/i/user/1437041804214370314
Twitter,https://twitter.com/i/user/1438591882691555329
Twitter,https://twitter.com/i/user/29938901
Twitter,https://twitter.com/i/user/712198712
Twitter,https://twitter.com/i/user/1174156053774102528
Twitter,https://twitter.com/i/user/1229568798
Twitter,https://twitter.com/i/user/867773137060069376
Twitter,https://twitter.com/i/user/1471618454
Twitter,https://twitter.com/i/user/810270119515553793
Twitter,https://twitter.com/i/user/13141
Twitter,https://twitter.com/i/user/861445409205563392
Twitter,https://twitter.com/i/user/729400696085348353
Twitter,https://twitter.com/i/user/16909060
Twitter,https://twitter.com/i/user/1641971
Twitter,https://twitter.com/i/user/945045726605729793
Twitter,https://twitter.com/i/user/2811745532
Twitter,https://twitter.com/i/user/943543913574518784
Twitter,https://twitter.com/i/user/575099162
Twitter,https://twitter.com/i/user/48249909
Twitter,https://twitter.com/i/user/1321136246349910016
Twitter,https://twitter.com/i/user/462775411
Twitter,https://twitter.com/i/user/501870784
Twitter,https://twitter.com/i/user/1489171025913069568
Twitter,https://twitter.com/i/user/1398786228628164608
Twitter,https://twitter.com/i/user/933631656
Twitter,https://twitter.com/i/user/1150790822813560833
Twitter,https://twitter.com/i/user/1395767775587573760
Twitter,https://twitter.com/i/user/1511654363550273536
Twitter,https://twitter.com/i/user/1441337034291900419
Twitter,https://twitter.com/i/user/1249135422816415744
Twitter,https://twitter.com/i/user/1432649934264619012
Twitter,https://twitter.com/i/user/1436425769589350412
Twitter,https://twitter.com/i/user/1440937891232948226
Twitter,https://twitter.com/i/user/1527878420171894784
Twitter,https://twitter.com/i/user/82224605
Twitter,https://twitter.com/i/user/872290782551527424
Twitter,https://twitter.com/i/user/1439832243078373380
Twitter,https://twitter.com/i/user/1320362651466166272
Twitter,https://twitter.com/i/user/929155859913039872
Twitter,https://twitter.com/i/user/30517868
Twitter,https://twitter.com/i/user/2392642861
Twitter,https://twitter.com/i/user/1596018437557321728
Twitter,https://twitter.com/i/user/1973894065
Twitter,https://twitter.com/i/user/1066012933
Twitter,https://twitter.com/i/user/101833150
Twitter,https://twitter.com/i/user/45652614
Twitter,https://twitter.com/i/user/1232319080637616128
Twitter,https://twitter.com/i/user/985688130509393920
Twitter,https://twitter.com/i/user/1636288561
Twitter,https://twitter.com/i/user/1466282212202975234
Twitter,https://twitter.com/i/user/1705281
Twitter,https://twitter.com/i/user/49457533
Twitter,https://twitter.com/i/user/68854969
Twitter,https://twitter.com/i/user/566534886
Twitter,https://twitter.com/i/user/282584708
Twitter,https://twitter.com/i/user/1298338262457749504
Twitter,https://twitter.com/i/user/1027902734316593152
Twitter,https://twitter.com/i/user/894967285877792769
Twitter,https://twitter.com/i/user/255045605
Twitter,https://twitter.com/i/user/304800873
Twitter,https://twitter.com/i/user/1330060420317646854
Twitter,https://twitter.com/i/user/4473163535
Twitter,https://twitter.com/i/user/28587120
Twitter,https://twitter.com/i/user/2901915478
Twitter,https://twitter.com/i/user/2515887780
Twitter,https://twitter.com/i/user/1223056821037957120
Twitter,https://twitter.com/i/user/1258757141088948230
Twitter,https://twitter.com/i/user/923280634822447104
Twitter,https://twitter.com/i/user/877006983496257536
Twitter,https://twitter.com/i/user/1656410755
Twitter,https://twitter.com/i/user/2378261498
Twitter,https://twitter.com/i/user/969686618922803200
Twitter,https://twitter.com/i/user/1450024478331707399
Twitter,https://twitter.com/i/user/28949586
Twitter,https://twitter.com/i/user/884511390987407360
Twitter,https://twitter.com/i/user/1475109910320795650
Twitter,https://twitter.com/i/user/786935887884156929
Twitter,https://twitter.com/i/user/1133538475066765312
Twitter,https://twitter.com/i/user/978921459958632448
Twitter,https://twitter.com/i/user/42920448
Twitter,https://twitter.com/i/user/982719351244472320
Twitter,https://twitter.com/i/user/28571999
Twitter,https://twitter.com/i/user/2826522223
Twitter,https://twitter.com/i/user/1154601225880555520
Twitter,https://twitter.com/i/user/100075891
Twitter,https://twitter.com/i/user/2151686839
Twitter,https://twitter.com/i/user/1905283219932516353
Twitter,https://twitter.com/i/user/911716127365042177
Twitter,https://twitter.com/i/user/990355365933010944
Twitter,https://twitter.com/i/user/2841256042
Twitter,https://twitter.com/i/user/1004162476273893377
Twitter,https://twitter.com/i/user/609143325
Twitter,https://twitter.com/i/user/2379355442
Twitter,https://twitter.com/i/user/159227459
Twitter,https://twitter.com/i/user/299075997
Twitter,https://twitter.com/i/user/861408824
Twitter,https://twitter.com/i/user/3833416227
Twitter,https://twitter.com/i/user/146345384
Twitter,https://twitter.com/i/user/188369814
Twitter,https://twitter.com/i/user/1539681011696603137
Twitter,https://twitter.com/i/user/384144651
Twitter,https://twitter.com/i/user/864211771858591746
Twitter,https://twitter.com/i/user/1004371029307912192
Twitter,https://twitter.com/i/user/1074445812250365962
Twitter,https://twitter.com/i/user/535136727
Twitter,https://twitter.com/i/user/15253843
Twitter,https://twitter.com/i/user/130745589
Twitter,https://twitter.com/i/user/100416493
Twitter,https://twitter.com/i/user/735426681968660481
Twitter,https://twitter.com/i/user/14592709
Twitter,https://twitter.com/i/user/911314186365472768
Twitter,https://twitter.com/i/user/941804156754460679
Twitter,https://twitter.com/i/user/989912836901089282
Twitter,https://twitter.com/i/user/2287471915
Twitter,https://twitter.com/i/user/166765173
Twitter,https://twitter.com/i/user/1337780902680809474
Twitter,https://twitter.com/i/user/2320755170
Twitter,https://twitter.com/i/user/1869084032002306048
Twitter,https://twitter.com/i/user/1039833297751302144
Twitter,https://twitter.com/i/user/1096456962022223872
Twitter,https://twitter.com/i/user/962293079012241408
Twitter,https://twitter.com/i/user/2260491445
Twitter,https://twitter.com/i/user/1136819035163619328
Twitter,https://twitter.com/i/user/776078472477347840
Twitter,https://twitter.com/i/user/1022821051187822593
Twitter,https://twitter.com/i/user/412587524
Twitter,https://twitter.com/i/user/993530753014054912
Twitter,https://twitter.com/i/user/2207129125
Twitter,https://twitter.com/i/user/963767159536209921
Twitter,https://twitter.com/i/user/1333467482
Twitter,https://twitter.com/i/user/928759224599040001
Twitter,https://twitter.com/i/user/1376161898
Twitter,https://twitter.com/i/user/291794336
Twitter,https://twitter.com/i/user/18469669
Twitter,https://twitter.com/i/user/2453385626
Twitter,https://twitter.com/i/user/897446848004227072
Twitter,https://twitter.com/i/user/24222556
Twitter,https://twitter.com/i/user/712212062118748160
Twitter,https://twitter.com/i/user/702654540387127296
Twitter,https://twitter.com/i/user/1110877798820777986
Twitter,https://twitter.com/i/user/1035721495
Twitter,https://twitter.com/i/user/308396313
Twitter,https://twitter.com/i/user/6718432
Twitter,https://twitter.com/i/user/902926941413453824
Twitter,https://twitter.com/i/user/2529971
Twitter,https://twitter.com/i/user/14379660
Twitter,https://twitter.com/i/user/1469101279
Twitter,https://twitter.com/i/user/918122676195090433
Twitter,https://twitter.com/i/user/34097500
Twitter,https://twitter.com/i/user/33962758
Twitter,https://twitter.com/i/user/396045469
Twitter,https://twitter.com/i/user/295218901
Twitter,https://twitter.com/i/user/352619090
Twitter,https://twitter.com/i/user/1375234369636331522
Twitter,https://twitter.com/i/user/1430181533198036996
Twitter,https://twitter.com/i/user/1144885988
Twitter,https://twitter.com/i/user/906230721513181184
Twitter,https://twitter.com/i/user/943506806931734528
Twitter,https://twitter.com/i/user/1084397942319054850
Twitter,https://twitter.com/i/user/782946231551131648
Twitter,https://twitter.com/i/user/1384549926080860166
Twitter,https://twitter.com/i/user/1023796092243079168
Twitter,https://twitter.com/i/user/1288293005846142978
Twitter,https://twitter.com/i/user/1163142718668902400
Twitter,https://twitter.com/i/user/826381583489855490
Twitter,https://twitter.com/i/user/437833889
Twitter,https://twitter.com/i/user/1386939394683252738
Twitter,https://twitter.com/i/user/200070195
Twitter,https://twitter.com/i/user/1394145660581023747
Twitter,https://twitter.com/i/user/1240415094837780480
Twitter,https://twitter.com/i/user/2796712523
Twitter,https://twitter.com/i/user/893111826254356481
Twitter,https://twitter.com/i/user/2589423217
Twitter,https://twitter.com/i/user/1409063853246365696
Twitter,https://twitter.com/i/user/37794688
Twitter,https://twitter.com/i/user/1203496290589405185
Twitter,https://twitter.com/i/user/1417477410841366538
Twitter,https://twitter.com/i/user/1274803199040462848
Twitter,https://twitter.com/i/user/51073409
Twitter,https://twitter.com/i/user/1370466828972142592
Twitter,https://twitter.com/i/user/1103218563383549952
Twitter,https://twitter.com/i/user/45788327
Twitter,https://twitter.com/i/user/1360636645989441539
Twitter,https://twitter.com/i/user/1034478294677250048
Twitter,https://twitter.com/i/user/3696215239
Twitter,https://twitter.com/i/user/1144245254469685250
Twitter,https://twitter.com/i/user/904700529988820992
Twitter,https://twitter.com/i/user/17351167
Twitter,https://twitter.com/i/user/1355164945323683841
Twitter,https://twitter.com/i/user/1796207757856567296
Twitter,https://twitter.com/i/user/1530033576
Twitter,https://twitter.com/i/user/881258555432632322
Twitter,https://twitter.com/i/user/4473212565
Twitter,https://twitter.com/i/user/1372196901936848901
Twitter,https://twitter.com/i/user/1383802058625609740
Twitter,https://twitter.com/i/user/817007725666242561
Twitter,https://twitter.com/i/user/1297503202464718850
Twitter,https://twitter.com/i/user/993962483332329472
Twitter,https://twitter.com/i/user/1301215504686694400
Twitter,https://twitter.com/i/user/972970759416111104
Twitter,https://twitter.com/i/user/4441279246
Twitter,https://twitter.com/i/user/978184299122892800
Twitter,https://twitter.com/i/user/1439608646
Twitter,https://twitter.com/i/user/1387497871751196672
Twitter,https://twitter.com/i/user/1323762343302615040
Twitter,https://twitter.com/i/user/978732571738755072
Twitter,https://twitter.com/i/user/361289499
Twitter,https://twitter.com/i/user/963815487481303040
Twitter,https://twitter.com/i/user/1358688239037546500
Twitter,https://twitter.com/i/user/455937214
Twitter,https://twitter.com/i/user/1904895819498872836
Twitter,https://twitter.com/i/user/170049408
Twitter,https://twitter.com/i/user/887748030304329728
Twitter,https://twitter.com/i/user/431243238
Twitter,https://twitter.com/i/user/935742315389444096
Twitter,https://twitter.com/i/user/2577886615
Twitter,https://twitter.com/i/user/1036115996
Twitter,https://twitter.com/i/user/895748070083891202
Twitter,https://twitter.com/i/user/4911583324
Twitter,https://twitter.com/i/user/3005650652
Twitter,https://twitter.com/i/user/1475594648794062850
Twitter,https://twitter.com/i/user/934796999068651521
Twitter,https://twitter.com/i/user/2573380344
Twitter,https://twitter.com/i/user/1318987223232999424
Twitter,https://twitter.com/i/user/1471908568089579521
Twitter,https://twitter.com/i/user/1291312101634519040
Twitter,https://twitter.com/i/user/1478116068073816064
Twitter,https://twitter.com/i/user/33149981
Twitter,https://twitter.com/i/user/2660878747
Twitter,https://twitter.com/i/user/1448308125166096387
Twitter,https://twitter.com/i/user/1453592537567006720
Twitter,https://twitter.com/i/user/1443733938267049985
Twitter,https://twitter.com/i/user/1319008189484912640
Twitter,https://twitter.com/i/user/1312844486003748864
Twitter,https://twitter.com/i/user/1439310192869576712
Twitter,https://twitter.com/i/user/1432772993810243584
Twitter,https://twitter.com/i/user/900295063024144384
Twitter,https://twitter.com/i/user/731402158512476161
Twitter,https://twitter.com/i/user/834123445856145408
Twitter,https://twitter.com/i/user/1531327171
Twitter,https://twitter.com/i/user/1858233642
Twitter,https://twitter.com/i/user/949685739935158272
Twitter,https://twitter.com/i/user/381127643
Twitter,https://twitter.com/i/user/415302903
Twitter,https://twitter.com/i/user/1485974663746539520
Twitter,https://twitter.com/i/user/1355293004119109633
Twitter,https://twitter.com/i/user/398148139
Twitter,https://twitter.com/i/user/885331587310735360
Twitter,https://twitter.com/i/user/1433401849349132292
Twitter,https://twitter.com/i/user/68609023
Twitter,https://twitter.com/i/user/634075747
Twitter,https://twitter.com/i/user/1438482430898458628
Twitter,https://twitter.com/i/user/210623431
Twitter,https://twitter.com/i/user/777557821462306816
Twitter,https://twitter.com/i/user/2364233382
Twitter,https://twitter.com/i/user/1424905944857722887
Twitter,https://twitter.com/i/user/1376974468027805696
Twitter,https://twitter.com/i/user/1896013623593746435
Twitter,https://twitter.com/i/user/2650025562
Twitter,https://twitter.com/i/user/3109476390
Twitter,https://twitter.com/i/user/4017596542
Twitter,https://twitter.com/i/user/1444050325258842122
Twitter,https://twitter.com/i/user/905763362277023744
Twitter,https://twitter.com/i/user/1183474595728384001
Twitter,https://twitter.com/i/user/1252627966724648960
Twitter,https://twitter.com/i/user/18042095
Twitter,https://twitter.com/i/user/1399989738405126152
Twitter,https://twitter.com/i/user/1404716412451442689
Twitter,https://twitter.com/i/user/1408122299132358668
Twitter,https://twitter.com/i/user/1448939883423207452
Twitter,https://twitter.com/i/user/1425966540843896832
Twitter,https://twitter.com/i/user/1422676808911269893
Twitter,https://twitter.com/i/user/618539620
Twitter,https://twitter.com/i/user/1399393068562911232
Twitter,https://twitter.com/i/user/1433801079645429771
